Date,Impressions (organic),Impressions (sponsored),Impressions (total),Unique impressions (organic),Clicks (organic),Clicks (sponsored),Clicks (total),Reactions (organic),Reactions (sponsored),Reactions (total),Comments (organic),Comments (sponsored),Comments (total),Reposts (organic),Reposts (sponsored),Reposts (total),Engagement rate (organic),Engagement rate (sponsored),Engagement rate (total)
04/05/2022,44,0,44,16,2,0,2,6,0,6,0,0,0,0,0,0,0.1818181818,0,0.1818181818
04/06/2022,112,0,112,23,12,0,12,6,0,6,0,0,0,1,0,1,0.1696428571,0,0.1696428571
04/07/2022,137,0,137,27,7,0,7,11,0,11,0,0,0,7,0,7,0.1824817518,0,0.1824817518
04/08/2022,136,0,136,29,9,0,9,10,0,10,1,0,1,2,0,2,0.1617647059,0,0.1617647059
04/09/2022,154,0,154,23,9,0,9,11,0,11,0,0,0,5,0,5,0.1623376623,0,0.1623376623
04/10/2022,194,0,194,23,23,0,23,9,0,9,0,0,0,4,0,4,0.1855670103,0,0.1855670103
04/11/2022,88,0,88,25,2,0,2,2,0,2,0,0,0,0,0,0,0.04545454545,0,0.04545454545
04/12/2022,118,0,118,22,9,0,9,10,0,10,0,0,0,3,0,3,0.186440678,0,0.186440678
04/13/2022,46,0,46,9,0,0,0,0,0,0,0,0,0,0,0,0,0,0,0
04/14/2022,70,0,70,14,8,0,8,5,0,5,0,0,0,1,0,1,0.2,0,0.2
04/15/2022,75,0,75,16,4,0,4,2,0,2,0,0,0,2,0,2,0.1066666667,0,0.1066666667
04/16/2022,43,0,43,14,5,0,5,3,0,3,0,0,0,2,0,2,0.2325581395,0,0.2325581395
04/17/2022,50,0,50,12,9,0,9,3,0,3,0,0,0,0,0,0,0.24,0,0.24
04/18/2022,76,0,76,17,5,0,5,4,0,4,0,0,0,2,0,2,0.1447368421,0,0.1447368421
04/19/2022,44,0,44,18,2,0,2,3,0,3,0,0,0,0,0,0,0.1136363636,0,0.1136363636
04/20/2022,60,0,60,19,1,0,1,2,0,2,0,0,0,2,0,2,0.08333333333,0,0.08333333333
04/21/2022,23,0,23,10,1,0,1,0,0,0,0,0,0,0,0,0,0.04347826087,0,0.04347826087
04/22/2022,19,0,19,14,2,0,2,3,0,3,0,0,0,0,0,0,0.2631578947,0,0.2631578947
04/23/2022,32,0,32,11,3,0,3,3,0,3,0,0,0,2,0,2,0.25,0,0.25
04/24/2022,32,0,32,10,4,0,4,2,0,2,0,0,0,0,0,0,0.1875,0,0.1875
04/25/2022,28,0,28,6,1,0,1,2,0,2,0,0,0,1,0,1,0.1428571429,0,0.1428571429
04/26/2022,35,0,35,12,0,0,0,2,0,2,0,0,0,1,0,1,0.08571428571,0,0.08571428571
04/27/2022,30,0,30,8,0,0,0,0,0,0,0,0,0,0,0,0,0,0,0
04/28/2022,25,0,25,6,2,0,2,2,0,2,0,0,0,2,0,2,0.24,0,0.24
04/29/2022,11,0,11,6,3,0,3,1,0,1,0,0,0,0,0,0,0.3636363636,0,0.3636363636
04/30/2022,1,0,1,1,0,0,0,1,0,1,0,0,0,0,0,0,1,0,1
05/01/2022,6,0,6,4,0,0,0,0,0,0,0,0,0,0,0,0,0,0,0
05/02/2022,1,0,1,1,0,0,0,0,0,0,0,0,0,0,0,0,0,0,0
05/03/2022,52,0,52,18,6,0,6,5,0,5,0,0,0,3,0,3,0.2692307692,0,0.2692307692
05/04/2022,24,0,24,12,0,0,0,1,0,1,0,0,0,0,0,0,0.04166666667,0,0.04166666667
05/05/2022,17,0,17,6,1,0,1,0,0,0,0,0,0,0,0,0,0.05882352941,0,0.05882352941
05/06/2022,21,0,21,9,2,0,2,2,0,2,0,0,0,2,0,2,0.2857142857,0,0.2857142857
05/07/2022,38,0,38,9,4,0,4,1,0,1,0,0,0,0,0,0,0.1315789474,0,0.1315789474
05/08/2022,10,0,10,2,3,0,3,0,0,0,0,0,0,0,0,0,0.3,0,0.3
05/09/2022,4,0,4,3,0,0,0,0,0,0,0,0,0,0,0,0,0,0,0
05/10/2022,5,0,5,3,0,0,0,1,0,1,0,0,0,0,0,0,0.2,0,0.2
05/11/2022,35,0,35,11,4,0,4,0,0,0,0,0,0,0,0,0,0.1142857143,0,0.1142857143
05/12/2022,51,0,51,14,9,0,9,2,0,2,0,0,0,1,0,1,0.2352941176,0,0.2352941176
05/13/2022,54,0,54,17,3,0,3,3,0,3,0,0,0,2,0,2,0.1481481481,0,0.1481481481
05/14/2022,14,0,14,3,1,0,1,0,0,0,0,0,0,0,0,0,0.07142857143,0,0.07142857143
05/15/2022,7,0,7,4,1,0,1,0,0,0,0,0,0,0,0,0,0.1428571429,0,0.1428571429
05/16/2022,42,0,42,12,2,0,2,2,0,2,0,0,0,2,0,2,0.1428571429,0,0.1428571429
05/17/2022,56,0,56,18,5,0,5,3,0,3,0,0,0,2,0,2,0.1785714286,0,0.1785714286
05/18/2022,27,0,27,5,1,0,1,0,0,0,0,0,0,0,0,0,0.03703703704,0,0.03703703704
05/19/2022,8,0,8,4,0,0,0,0,0,0,0,0,0,0,0,0,0,0,0
05/20/2022,28,0,28,11,2,0,2,3,0,3,0,0,0,2,0,2,0.25,0,0.25
05/21/2022,13,0,13,4,1,0,1,0,0,0,0,0,0,0,0,0,0.07692307692,0,0.07692307692
05/22/2022,1,0,1,1,0,0,0,0,0,0,0,0,0,0,0,0,0,0,0
05/23/2022,37,0,37,11,4,0,4,2,0,2,0,0,0,2,0,2,0.2162162162,0,0.2162162162
05/24/2022,36,0,36,10,0,0,0,0,0,0,0,0,0,0,0,0,0,0,0
05/25/2022,40,0,40,11,5,0,5,2,0,2,0,0,0,2,0,2,0.225,0,0.225
05/26/2022,31,0,31,13,0,0,0,1,0,1,0,0,0,0,0,0,0.03225806452,0,0.03225806452
05/27/2022,38,0,38,4,1,0,1,0,0,0,0,0,0,0,0,0,0.02631578947,0,0.02631578947
05/28/2022,65,0,65,18,8,0,8,3,0,3,0,0,0,2,0,2,0.2,0,0.2
05/29/2022,176,0,176,19,12,0,12,21,0,21,0,0,0,10,0,10,0.2443181818,0,0.2443181818
05/30/2022,142,0,142,27,6,0,6,10,0,10,0,0,0,5,0,5,0.1478873239,0,0.1478873239
05/31/2022,93,0,93,18,2,0,2,3,0,3,0,0,0,0,0,0,0.05376344086,0,0.05376344086
06/01/2022,34,0,34,16,1,0,1,6,0,6,0,0,0,2,0,2,0.2647058824,0,0.2647058824
06/02/2022,100,0,100,24,4,0,4,5,0,5,0,0,0,3,0,3,0.12,0,0.12
06/03/2022,60,0,60,18,1,0,1,3,0,3,0,0,0,1,0,1,0.08333333333,0,0.08333333333
06/04/2022,29,0,29,10,0,0,0,0,0,0,0,0,0,0,0,0,0,0,0
06/05/2022,12,0,12,4,3,0,3,0,0,0,0,0,0,0,0,0,0.25,0,0.25
06/06/2022,68,0,68,21,3,0,3,4,0,4,0,0,0,2,0,2,0.1323529412,0,0.1323529412
06/07/2022,35,0,35,14,2,0,2,2,0,2,0,0,0,1,0,1,0.1428571429,0,0.1428571429
06/08/2022,32,0,32,11,3,0,3,7,0,7,0,0,0,0,0,0,0.3125,0,0.3125
06/09/2022,48,0,48,13,6,0,6,2,0,2,0,0,0,1,0,1,0.1875,0,0.1875
06/10/2022,14,0,14,6,0,0,0,0,0,0,0,0,0,0,0,0,0,0,0
06/11/2022,4,0,4,1,0,0,0,0,0,0,0,0,0,0,0,0,0,0,0
06/12/2022,10,0,10,5,1,0,1,0,0,0,0,0,0,0,0,0,0.1,0,0.1
06/13/2022,3,0,3,2,0,0,0,0,0,0,0,0,0,0,0,0,0,0,0
06/14/2022,29,0,29,10,2,0,2,2,0,2,0,0,0,1,0,1,0.1724137931,0,0.1724137931
06/15/2022,43,0,43,14,2,0,2,2,0,2,0,0,0,2,0,2,0.1395348837,0,0.1395348837
06/16/2022,67,0,67,12,8,0,8,2,0,2,0,0,0,1,0,1,0.1641791045,0,0.1641791045
06/17/2022,20,0,20,9,0,0,0,0,0,0,0,0,0,1,0,1,0.05,0,0.05
06/18/2022,0,0,0,0,0,0,0,0,0,0,0,0,0,0,0,0,0,0,0
06/19/2022,28,0,28,3,3,0,3,0,0,0,0,0,0,0,0,0,0.1071428571,0,0.1071428571
06/20/2022,62,0,62,12,7,0,7,2,0,2,0,0,0,0,0,0,0.1451612903,0,0.1451612903
06/21/2022,137,0,137,46,9,0,9,7,0,7,1,0,1,3,0,3,0.1459854015,0,0.1459854015
06/22/2022,192,0,192,41,12,0,12,5,0,5,1,0,1,3,0,3,0.109375,0,0.109375
06/23/2022,299,0,299,13,3,0,3,1,0,1,0,0,0,0,0,0,0.01337792642,0,0.01337792642
06/24/2022,94,0,94,26,6,0,6,3,0,3,0,0,0,1,0,1,0.1063829787,0,0.1063829787
06/25/2022,12,0,12,8,0,0,0,0,0,0,0,0,0,0,0,0,0,0,0
06/26/2022,16,0,16,5,1,0,1,0,0,0,0,0,0,0,0,0,0.0625,0,0.0625
06/27/2022,130,0,130,20,6,0,6,4,0,4,0,0,0,5,0,5,0.1153846154,0,0.1153846154
06/28/2022,161,0,161,33,16,0,16,6,0,6,2,0,2,5,0,5,0.1801242236,0,0.1801242236
06/29/2022,96,0,96,28,6,0,6,3,0,3,0,0,0,2,0,2,0.1145833333,0,0.1145833333
06/30/2022,172,0,172,40,13,0,13,9,0,9,0,0,0,4,0,4,0.1511627907,0,0.1511627907
07/01/2022,46,0,46,17,2,0,2,2,0,2,0,0,0,2,0,2,0.1304347826,0,0.1304347826
07/02/2022,44,0,44,17,0,0,0,0,0,0,0,0,0,0,0,0,0,0,0
07/03/2022,27,0,27,7,0,0,0,0,0,0,0,0,0,0,0,0,0,0,0
07/04/2022,173,0,173,53,4,0,4,6,0,6,0,0,0,2,0,2,0.06936416185,0,0.06936416185
07/05/2022,115,0,115,31,9,0,9,5,0,5,0,0,0,5,0,5,0.1652173913,0,0.1652173913
07/06/2022,225,0,225,29,20,0,20,8,0,8,0,0,0,3,0,3,0.1377777778,0,0.1377777778
07/07/2022,138,0,138,26,14,0,14,4,0,4,0,0,0,4,0,4,0.1594202899,0,0.1594202899
07/08/2022,159,0,159,20,14,0,14,2,0,2,0,0,0,0,0,0,0.1006289308,0,0.1006289308
07/09/2022,30,0,30,10,3,0,3,1,0,1,0,0,0,1,0,1,0.1666666667,0,0.1666666667
07/10/2022,181,0,181,16,5,0,5,2,0,2,0,0,0,0,0,0,0.03867403315,0,0.03867403315
07/11/2022,56,0,56,18,7,0,7,1,0,1,0,0,0,0,0,0,0.1428571429,0,0.1428571429
07/12/2022,53,0,53,14,6,0,6,4,0,4,0,0,0,3,0,3,0.2452830189,0,0.2452830189
07/13/2022,65,0,65,15,5,0,5,4,0,4,0,0,0,0,0,0,0.1384615385,0,0.1384615385
07/14/2022,40,0,40,11,2,0,2,3,0,3,0,0,0,1,0,1,0.15,0,0.15
07/15/2022,15,0,15,6,2,0,2,0,0,0,0,0,0,0,0,0,0.1333333333,0,0.1333333333
07/16/2022,55,0,55,23,4,0,4,5,0,5,0,0,0,0,0,0,0.1636363636,0,0.1636363636
07/17/2022,29,0,29,18,2,0,2,2,0,2,0,0,0,0,0,0,0.1379310345,0,0.1379310345
07/18/2022,92,0,92,19,7,0,7,5,0,5,0,0,0,0,0,0,0.1304347826,0,0.1304347826
07/19/2022,199,0,199,22,8,0,8,2,0,2,0,0,0,0,0,0,0.05025125628,0,0.05025125628
07/20/2022,63,0,63,16,12,0,12,2,0,2,0,0,0,1,0,1,0.2380952381,0,0.2380952381
07/21/2022,17,0,17,11,2,0,2,4,0,4,0,0,0,1,0,1,0.4117647059,0,0.4117647059
07/22/2022,115,0,115,32,7,0,7,21,0,21,0,0,0,0,0,0,0.2434782609,0,0.2434782609
07/23/2022,139,0,139,44,7,0,7,2,0,2,0,0,0,0,0,0,0.06474820144,0,0.06474820144
07/24/2022,60,0,60,21,2,0,2,2,0,2,0,0,0,0,0,0,0.06666666667,0,0.06666666667
07/25/2022,139,0,139,26,8,0,8,6,0,6,0,0,0,1,0,1,0.1079136691,0,0.1079136691
07/26/2022,77,0,77,38,4,0,4,2,0,2,0,0,0,0,0,0,0.07792207792,0,0.07792207792
07/27/2022,49,0,49,22,3,0,3,6,0,6,0,0,0,2,0,2,0.2244897959,0,0.2244897959
07/28/2022,29,0,29,18,1,0,1,4,0,4,0,0,0,1,0,1,0.2068965517,0,0.2068965517
07/29/2022,34,0,34,13,1,0,1,0,0,0,0,0,0,0,0,0,0.02941176471,0,0.02941176471
07/30/2022,15,0,15,6,2,0,2,0,0,0,0,0,0,0,0,0,0.1333333333,0,0.1333333333
07/31/2022,12,0,12,7,1,0,1,1,0,1,0,0,0,0,0,0,0.1666666667,0,0.1666666667
08/01/2022,59,0,59,17,6,0,6,5,0,5,0,0,0,1,0,1,0.2033898305,0,0.2033898305
08/02/2022,98,0,98,25,4,0,4,4,0,4,0,0,0,2,0,2,0.1020408163,0,0.1020408163
08/03/2022,90,0,90,33,6,0,6,3,0,3,0,0,0,1,0,1,0.1111111111,0,0.1111111111
08/04/2022,70,0,70,19,6,0,6,3,0,3,0,0,0,0,0,0,0.1285714286,0,0.1285714286
08/05/2022,16,0,16,9,0,0,0,1,0,1,0,0,0,0,0,0,0.0625,0,0.0625
08/06/2022,16,0,16,3,0,0,0,0,0,0,0,0,0,0,0,0,0,0,0
08/07/2022,35,0,35,12,2,0,2,2,0,2,0,0,0,0,0,0,0.1142857143,0,0.1142857143
08/08/2022,48,0,48,20,3,0,3,2,0,2,0,0,0,0,0,0,0.1041666667,0,0.1041666667
08/09/2022,94,0,94,19,2,0,2,5,0,5,2,0,2,2,0,2,0.1170212766,0,0.1170212766
08/10/2022,30,0,30,14,2,0,2,2,0,2,0,0,0,0,0,0,0.1333333333,0,0.1333333333
08/11/2022,31,0,31,12,2,0,2,3,0,3,0,0,0,0,0,0,0.1612903226,0,0.1612903226
08/12/2022,41,0,41,15,1,0,1,0,0,0,0,0,0,0,0,0,0.0243902439,0,0.0243902439
08/13/2022,30,0,30,12,5,0,5,2,0,2,0,0,0,0,0,0,0.2333333333,0,0.2333333333
08/14/2022,69,0,69,26,4,0,4,3,0,3,0,0,0,0,0,0,0.1014492754,0,0.1014492754
08/15/2022,135,0,135,24,11,0,11,2,0,2,0,0,0,0,0,0,0.0962962963,0,0.0962962963
08/16/2022,59,0,59,23,3,0,3,3,0,3,0,0,0,0,0,0,0.1016949153,0,0.1016949153
08/17/2022,104,0,104,26,6,0,6,6,0,6,0,0,0,3,0,3,0.1442307692,0,0.1442307692
08/18/2022,99,0,99,20,5,0,5,6,0,6,0,0,0,0,0,0,0.1111111111,0,0.1111111111
08/19/2022,60,0,60,21,1,0,1,2,0,2,0,0,0,0,0,0,0.05,0,0.05
08/20/2022,46,0,46,16,8,0,8,4,0,4,0,0,0,0,0,0,0.2608695652,0,0.2608695652
08/21/2022,83,0,83,19,11,0,11,7,0,7,0,0,0,1,0,1,0.2289156627,0,0.2289156627
08/22/2022,55,0,55,20,5,0,5,6,0,6,0,0,0,1,0,1,0.2181818182,0,0.2181818182
08/23/2022,120,0,120,17,12,0,12,2,0,2,0,0,0,0,0,0,0.1166666667,0,0.1166666667
08/24/2022,41,0,41,18,5,0,5,7,0,7,0,0,0,0,0,0,0.2926829268,0,0.2926829268
08/25/2022,54,0,54,23,4,0,4,6,0,6,0,0,0,2,0,2,0.2222222222,0,0.2222222222
08/26/2022,28,0,28,16,1,0,1,6,0,6,0,0,0,0,0,0,0.25,0,0.25
08/27/2022,12,0,12,9,0,0,0,2,0,2,0,0,0,0,0,0,0.1666666667,0,0.1666666667
08/28/2022,38,0,38,16,4,0,4,5,0,5,0,0,0,0,0,0,0.2368421053,0,0.2368421053
08/29/2022,76,0,76,22,4,0,4,4,0,4,0,0,0,0,0,0,0.1052631579,0,0.1052631579
08/30/2022,40,0,40,17,3,0,3,3,0,3,0,0,0,0,0,0,0.15,0,0.15
08/31/2022,93,0,93,25,2,0,2,6,0,6,0,0,0,1,0,1,0.09677419355,0,0.09677419355
09/01/2022,12,0,12,6,1,0,1,4,0,4,0,0,0,2,0,2,0.5833333333,0,0.5833333333
09/02/2022,42,0,42,12,1,0,1,5,0,5,0,0,0,1,0,1,0.1666666667,0,0.1666666667
09/03/2022,80,0,80,18,8,0,8,6,0,6,0,0,0,0,0,0,0.175,0,0.175
09/04/2022,84,0,84,29,8,0,8,4,0,4,0,0,0,2,0,2,0.1666666667,0,0.1666666667
09/05/2022,176,0,176,56,8,0,8,7,0,7,0,0,0,1,0,1,0.09090909091,0,0.09090909091
09/06/2022,77,0,77,19,4,0,4,2,0,2,0,0,0,1,0,1,0.09090909091,0,0.09090909091
09/07/2022,52,0,52,15,2,0,2,3,0,3,0,0,0,0,0,0,0.09615384615,0,0.09615384615
09/08/2022,37,0,37,12,0,0,0,3,0,3,0,0,0,1,0,1,0.1081081081,0,0.1081081081
09/09/2022,60,0,60,15,4,0,4,2,0,2,0,0,0,0,0,0,0.1,0,0.1
09/10/2022,44,0,44,16,6,0,6,3,0,3,0,0,0,1,0,1,0.2272727273,0,0.2272727273
09/11/2022,51,0,51,21,2,0,2,3,0,3,0,0,0,0,0,0,0.09803921569,0,0.09803921569
09/12/2022,58,0,58,15,1,0,1,3,0,3,0,0,0,0,0,0,0.06896551724,0,0.06896551724
09/13/2022,51,0,51,17,1,0,1,5,0,5,0,0,0,0,0,0,0.1176470588,0,0.1176470588
09/14/2022,36,0,36,18,2,0,2,2,0,2,0,0,0,0,0,0,0.1111111111,0,0.1111111111
09/15/2022,164,0,164,36,8,0,8,5,0,5,0,0,0,1,0,1,0.08536585366,0,0.08536585366
09/16/2022,116,0,116,29,12,0,12,6,0,6,0,0,0,0,0,0,0.1551724138,0,0.1551724138
09/17/2022,66,0,66,17,3,0,3,2,0,2,0,0,0,0,0,0,0.07575757576,0,0.07575757576
09/18/2022,102,0,102,19,4,0,4,2,0,2,0,0,0,0,0,0,0.05882352941,0,0.05882352941
09/19/2022,38,0,38,15,1,0,1,3,0,3,0,0,0,0,0,0,0.1052631579,0,0.1052631579
09/20/2022,61,0,61,20,4,0,4,3,0,3,0,0,0,0,0,0,0.1147540984,0,0.1147540984
09/21/2022,63,0,63,22,5,0,5,3,0,3,0,0,0,1,0,1,0.1428571429,0,0.1428571429
09/22/2022,43,0,43,14,2,0,2,5,0,5,0,0,0,1,0,1,0.1860465116,0,0.1860465116
09/23/2022,51,0,51,16,3,0,3,4,0,4,0,0,0,0,0,0,0.137254902,0,0.137254902
09/24/2022,43,0,43,16,3,0,3,8,0,8,0,0,0,5,0,5,0.3720930233,0,0.3720930233
09/25/2022,136,0,136,14,8,0,8,5,0,5,0,0,0,2,0,2,0.1102941176,0,0.1102941176
09/26/2022,79,0,79,19,5,0,5,6,0,6,0,0,0,0,0,0,0.1392405063,0,0.1392405063
09/27/2022,65,0,65,14,1,0,1,4,0,4,0,0,0,1,0,1,0.09230769231,0,0.09230769231
09/28/2022,22,0,22,12,1,0,1,3,0,3,0,0,0,0,0,0,0.1818181818,0,0.1818181818
09/29/2022,99,0,99,23,4,0,4,3,0,3,0,0,0,1,0,1,0.08080808081,0,0.08080808081
09/30/2022,34,0,34,9,3,0,3,3,0,3,0,0,0,0,0,0,0.1764705882,0,0.1764705882
10/01/2022,89,0,89,28,4,0,4,4,0,4,0,0,0,0,0,0,0.08988764045,0,0.08988764045
10/02/2022,183,0,183,46,7,0,7,8,0,8,0,0,0,2,0,2,0.09289617486,0,0.09289617486
10/03/2022,98,0,98,20,2,0,2,2,0,2,0,0,0,0,0,0,0.04081632653,0,0.04081632653
10/04/2022,44,0,44,20,2,0,2,4,0,4,0,0,0,0,0,0,0.1363636364,0,0.1363636364
10/05/2022,54,0,54,14,2,0,2,3,0,3,0,0,0,0,0,0,0.09259259259,0,0.09259259259
10/06/2022,55,0,55,20,1,0,1,2,0,2,0,0,0,0,0,0,0.05454545455,0,0.05454545455
10/07/2022,46,0,46,15,2,0,2,4,0,4,0,0,0,0,0,0,0.1304347826,0,0.1304347826
10/08/2022,38,0,38,15,5,0,5,3,0,3,0,0,0,0,0,0,0.2105263158,0,0.2105263158
10/09/2022,40,0,40,15,1,0,1,3,0,3,0,0,0,0,0,0,0.1,0,0.1
10/10/2022,61,0,61,22,1,0,1,1,0,1,0,0,0,0,0,0,0.03278688525,0,0.03278688525
10/11/2022,45,0,45,14,1,0,1,4,0,4,0,0,0,0,0,0,0.1111111111,0,0.1111111111
10/12/2022,41,0,41,10,0,0,0,2,0,2,0,0,0,1,0,1,0.07317073171,0,0.07317073171
10/13/2022,46,0,46,7,1,0,1,3,0,3,0,0,0,0,0,0,0.08695652174,0,0.08695652174
10/14/2022,63,0,63,10,2,0,2,4,0,4,0,0,0,0,0,0,0.09523809524,0,0.09523809524
10/15/2022,30,0,30,14,2,0,2,3,0,3,0,0,0,0,0,0,0.1666666667,0,0.1666666667
10/16/2022,127,0,127,46,6,0,6,7,0,7,0,0,0,1,0,1,0.1102362205,0,0.1102362205
10/17/2022,63,0,63,22,2,0,2,3,0,3,0,0,0,0,0,0,0.07936507937,0,0.07936507937
10/18/2022,59,0,59,16,2,0,2,3,0,3,0,0,0,0,0,0,0.08474576271,0,0.08474576271
10/19/2022,42,0,42,18,4,0,4,3,0,3,0,0,0,0,0,0,0.1666666667,0,0.1666666667
10/20/2022,79,0,79,24,2,0,2,3,0,3,0,0,0,0,0,0,0.06329113924,0,0.06329113924
10/21/2022,26,0,26,9,2,0,2,3,0,3,0,0,0,0,0,0,0.1923076923,0,0.1923076923
10/22/2022,24,0,24,15,3,0,3,3,0,3,0,0,0,0,0,0,0.25,0,0.25
10/23/2022,167,0,167,42,9,0,9,8,0,8,0,0,0,1,0,1,0.1077844311,0,0.1077844311
10/24/2022,46,0,46,16,3,0,3,2,0,2,0,0,0,0,0,0,0.1086956522,0,0.1086956522
10/25/2022,32,0,32,11,4,0,4,2,0,2,0,0,0,0,0,0,0.1875,0,0.1875
10/26/2022,62,0,62,22,2,0,2,3,0,3,0,0,0,0,0,0,0.08064516129,0,0.08064516129
10/27/2022,33,0,33,12,3,0,3,3,0,3,0,0,0,0,0,0,0.1818181818,0,0.1818181818
10/28/2022,37,0,37,16,1,0,1,3,0,3,0,0,0,0,0,0,0.1081081081,0,0.1081081081
10/29/2022,35,0,35,10,1,0,1,1,0,1,0,0,0,0,0,0,0.05714285714,0,0.05714285714
10/30/2022,66,0,66,17,2,0,2,3,0,3,0,0,0,1,0,1,0.09090909091,0,0.09090909091
10/31/2022,68,0,68,21,2,0,2,6,0,6,0,0,0,0,0,0,0.1176470588,0,0.1176470588
11/01/2022,70,0,70,19,5,0,5,3,0,3,0,0,0,0,0,0,0.1142857143,0,0.1142857143
11/02/2022,96,0,96,12,2,0,2,3,0,3,0,0,0,0,0,0,0.05208333333,0,0.05208333333
11/03/2022,38,0,38,17,4,0,4,2,0,2,0,0,0,0,0,0,0.1578947368,0,0.1578947368
11/04/2022,41,0,41,13,1,0,1,2,0,2,0,0,0,0,0,0,0.07317073171,0,0.07317073171
11/05/2022,19,0,19,9,1,0,1,2,0,2,0,0,0,0,0,0,0.1578947368,0,0.1578947368
11/06/2022,33,0,33,13,3,0,3,3,0,3,0,0,0,0,0,0,0.1818181818,0,0.1818181818
11/07/2022,28,0,28,14,0,0,0,3,0,3,0,0,0,0,0,0,0.1071428571,0,0.1071428571
11/08/2022,42,0,42,15,3,0,3,3,0,3,0,0,0,0,0,0,0.1428571429,0,0.1428571429
11/09/2022,82,0,82,16,2,0,2,4,0,4,0,0,0,0,0,0,0.07317073171,0,0.07317073171
11/10/2022,48,0,48,15,2,0,2,4,0,4,0,0,0,0,0,0,0.125,0,0.125
11/11/2022,73,0,73,26,3,0,3,6,0,6,0,0,0,1,0,1,0.1369863014,0,0.1369863014
11/12/2022,66,0,66,31,3,0,3,2,0,2,0,0,0,1,0,1,0.09090909091,0,0.09090909091
11/13/2022,44,0,44,18,2,0,2,3,0,3,0,0,0,1,0,1,0.1363636364,0,0.1363636364
11/14/2022,126,0,126,21,5,0,5,2,0,2,0,0,0,0,0,0,0.05555555556,0,0.05555555556
11/15/2022,49,0,49,11,0,0,0,4,0,4,0,0,0,2,0,2,0.1224489796,0,0.1224489796
11/16/2022,32,0,32,13,2,0,2,3,0,3,0,0,0,1,0,1,0.1875,0,0.1875
11/17/2022,86,0,86,15,2,0,2,5,0,5,0,0,0,5,0,5,0.1395348837,0,0.1395348837
11/18/2022,37,0,37,10,4,0,4,2,0,2,0,0,0,0,0,0,0.1621621622,0,0.1621621622
11/19/2022,66,0,66,16,6,0,6,5,0,5,0,0,0,3,0,3,0.2121212121,0,0.2121212121
11/20/2022,71,0,71,13,8,0,8,4,0,4,0,0,0,1,0,1,0.1830985915,0,0.1830985915
11/21/2022,70,0,70,23,3,0,3,3,0,3,0,0,0,1,0,1,0.1,0,0.1
11/22/2022,71,0,71,19,4,0,4,4,0,4,0,0,0,1,0,1,0.1267605634,0,0.1267605634
11/23/2022,88,0,88,14,7,0,7,4,0,4,0,0,0,1,0,1,0.1363636364,0,0.1363636364
11/24/2022,88,0,88,18,3,0,3,6,0,6,0,0,0,3,0,3,0.1363636364,0,0.1363636364
11/25/2022,28,0,28,11,3,0,3,2,0,2,0,0,0,0,0,0,0.1785714286,0,0.1785714286
11/26/2022,35,0,35,8,3,0,3,2,0,2,0,0,0,1,0,1,0.1714285714,0,0.1714285714
11/27/2022,45,0,45,14,2,0,2,4,0,4,0,0,0,1,0,1,0.1555555556,0,0.1555555556
11/28/2022,100,0,100,14,4,0,4,5,0,5,0,0,0,0,0,0,0.09,0,0.09
11/29/2022,44,0,44,18,3,0,3,5,0,5,0,0,0,0,0,0,0.1818181818,0,0.1818181818
11/30/2022,58,0,58,17,4,0,4,2,0,2,0,0,0,0,0,0,0.1034482759,0,0.1034482759
12/01/2022,59,0,59,20,3,0,3,2,0,2,0,0,0,0,0,0,0.08474576271,0,0.08474576271
12/02/2022,35,0,35,14,3,0,3,3,0,3,0,0,0,0,0,0,0.1714285714,0,0.1714285714
12/03/2022,49,0,49,14,3,0,3,2,0,2,0,0,0,0,0,0,0.1020408163,0,0.1020408163
12/04/2022,66,0,66,20,2,0,2,2,0,2,0,0,0,0,0,0,0.06060606061,0,0.06060606061
12/05/2022,57,0,57,18,2,0,2,4,0,4,0,0,0,0,0,0,0.1052631579,0,0.1052631579
12/06/2022,73,0,73,15,3,0,3,6,0,6,0,0,0,3,0,3,0.1643835616,0,0.1643835616
12/07/2022,44,0,44,16,2,0,2,4,0,4,0,0,0,1,0,1,0.1590909091,0,0.1590909091
12/08/2022,82,0,82,22,2,0,2,4,0,4,0,0,0,0,0,0,0.07317073171,0,0.07317073171
12/09/2022,42,0,42,16,4,0,4,5,0,5,0,0,0,1,0,1,0.2380952381,0,0.2380952381
12/10/2022,32,0,32,14,2,0,2,2,0,2,0,0,0,0,0,0,0.125,0,0.125
12/11/2022,23,0,23,12,2,0,2,2,0,2,0,0,0,0,0,0,0.1739130435,0,0.1739130435
12/12/2022,71,0,71,21,2,0,2,4,0,4,0,0,0,1,0,1,0.0985915493,0,0.0985915493
12/13/2022,58,0,58,20,2,0,2,3,0,3,0,0,0,0,0,0,0.08620689655,0,0.08620689655
12/14/2022,52,0,52,21,1,0,1,3,0,3,0,0,0,0,0,0,0.07692307692,0,0.07692307692
12/15/2022,60,0,60,19,2,0,2,3,0,3,0,0,0,0,0,0,0.08333333333,0,0.08333333333
12/16/2022,70,0,70,19,3,0,3,4,0,4,0,0,0,1,0,1,0.1142857143,0,0.1142857143
12/17/2022,19,0,19,6,1,0,1,0,0,0,0,0,0,0,0,0,0.05263157895,0,0.05263157895
12/18/2022,14,0,14,6,2,0,2,0,0,0,0,0,0,0,0,0,0.1428571429,0,0.1428571429
12/19/2022,23,0,23,7,0,0,0,0,0,0,0,0,0,0,0,0,0,0,0
12/20/2022,23,0,23,10,0,0,0,1,0,1,0,0,0,0,0,0,0.04347826087,0,0.04347826087
12/21/2022,46,0,46,14,1,0,1,2,0,2,0,0,0,0,0,0,0.0652173913,0,0.0652173913
12/22/2022,26,0,26,9,0,0,0,2,0,2,0,0,0,1,0,1,0.1153846154,0,0.1153846154
12/23/2022,28,0,28,12,1,0,1,2,0,2,0,0,0,0,0,0,0.1071428571,0,0.1071428571
12/24/2022,9,0,9,7,1,0,1,0,0,0,0,0,0,0,0,0,0.1111111111,0,0.1111111111
12/25/2022,3,0,3,2,0,0,0,0,0,0,0,0,0,0,0,0,0,0,0
12/26/2022,20,0,20,3,0,0,0,0,0,0,0,0,0,0,0,0,0,0,0
12/27/2022,27,0,27,7,0,0,0,1,0,1,0,0,0,0,0,0,0.03703703704,0,0.03703703704
12/28/2022,77,0,77,18,2,0,2,2,0,2,0,0,0,1,0,1,0.06493506494,0,0.06493506494
12/29/2022,18,0,18,7,0,0,0,0,0,0,0,0,0,0,0,0,0,0,0
12/30/2022,31,0,31,11,0,0,0,2,0,2,0,0,0,0,0,0,0.06451612903,0,0.06451612903
12/31/2022,13,0,13,6,0,0,0,1,0,1,0,0,0,0,0,0,0.07692307692,0,0.07692307692
01/01/2023,14,0,14,9,0,0,0,0,0,0,0,0,0,0,0,0,0,0,0
01/02/2023,7,0,7,5,0,0,0,0,0,0,0,0,0,0,0,0,0,0,0
01/03/2023,14,0,14,5,0,0,0,0,0,0,0,0,0,0,0,0,0,0,0
01/04/2023,14,0,14,3,0,0,0,0,0,0,0,0,0,0,0,0,0,0,0
01/05/2023,15,0,15,5,0,0,0,0,0,0,0,0,0,0,0,0,0,0,0
01/06/2023,3,0,3,3,0,0,0,0,0,0,0,0,0,0,0,0,0,0,0
01/07/2023,12,0,12,7,0,0,0,0,0,0,0,0,0,0,0,0,0,0,0
01/08/2023,36,0,36,5,0,0,0,0,0,0,0,0,0,0,0,0,0,0,0
01/09/2023,5,0,5,2,0,0,0,0,0,0,0,0,0,0,0,0,0,0,0
01/10/2023,178,0,178,6,0,0,0,3,0,3,0,0,0,0,0,0,0.01685393258,0,0.01685393258
01/11/2023,4,0,4,4,0,0,0,0,0,0,0,0,0,0,0,0,0,0,0
01/12/2023,8,0,8,4,0,0,0,1,0,1,0,0,0,0,0,0,0.125,0,0.125
01/13/2023,3,0,3,2,0,0,0,0,0,0,0,0,0,0,0,0,0,0,0
01/14/2023,10,0,10,3,0,0,0,0,0,0,0,0,0,0,0,0,0,0,0
01/15/2023,19,0,19,7,0,0,0,0,0,0,0,0,0,0,0,0,0,0,0
01/16/2023,6,0,6,2,0,0,0,0,0,0,0,0,0,0,0,0,0,0,0
01/17/2023,34,0,34,3,2,0,2,0,0,0,0,0,0,0,0,0,0.05882352941,0,0.05882352941
01/18/2023,154,0,154,2,1,0,1,0,0,0,0,0,0,0,0,0,0.006493506494,0,0.006493506494
01/19/2023,0,0,0,0,0,0,0,0,0,0,0,0,0,0,0,0,0,0,0
01/20/2023,0,0,0,0,0,0,0,0,0,0,0,0,0,0,0,0,0,0,0
01/21/2023,1,0,1,1,0,0,0,0,0,0,0,0,0,0,0,0,0,0,0
01/22/2023,0,0,0,0,0,0,0,0,0,0,0,0,0,0,0,0,0,0,0
01/23/2023,61,0,61,17,5,0,5,2,0,2,0,0,0,1,0,1,0.131147541,0,0.131147541
01/24/2023,7,0,7,5,0,0,0,0,0,0,0,0,0,0,0,0,0,0,0
01/25/2023,10,0,10,4,0,0,0,0,0,0,0,0,0,0,0,0,0,0,0
01/26/2023,7,0,7,4,0,0,0,1,0,1,0,0,0,0,0,0,0.1428571429,0,0.1428571429
01/27/2023,3,0,3,2,0,0,0,0,0,0,0,0,0,0,0,0,0,0,0
01/28/2023,20,0,20,9,3,0,3,2,0,2,0,0,0,1,0,1,0.3,0,0.3
01/29/2023,33,0,33,15,1,0,1,3,0,3,0,0,0,1,0,1,0.1515151515,0,0.1515151515
01/30/2023,56,0,56,21,3,0,3,4,0,4,0,0,0,1,0,1,0.1428571429,0,0.1428571429
01/31/2023,16,0,16,7,0,0,0,1,0,1,0,0,0,1,0,1,0.125,0,0.125
02/01/2023,10,0,10,4,0,0,0,0,0,0,0,0,0,0,0,0,0,0,0
02/02/2023,2,0,2,2,0,0,0,0,0,0,0,0,0,0,0,0,0,0,0
02/03/2023,3,0,3,2,0,0,0,0,0,0,0,0,0,0,0,0,0,0,0
02/04/2023,0,0,0,0,0,0,0,0,0,0,0,0,0,0,0,0,0,0,0
02/05/2023,2,0,2,2,0,0,0,0,0,0,0,0,0,0,0,0,0,0,0
02/06/2023,11,0,11,5,0,0,0,0,0,0,0,0,0,0,0,0,0,0,0
02/07/2023,3,0,3,1,0,0,0,0,0,0,0,0,0,0,0,0,0,0,0
02/08/2023,11,0,11,4,1,0,1,0,0,0,0,0,0,0,0,0,0.09090909091,0,0.09090909091
02/09/2023,7,0,7,5,0,0,0,0,0,0,0,0,0,0,0,0,0,0,0
02/10/2023,8,0,8,3,0,0,0,0,0,0,0,0,0,0,0,0,0,0,0
02/11/2023,2,0,2,2,0,0,0,0,0,0,0,0,0,0,0,0,0,0,0
02/12/2023,10,0,10,2,0,0,0,0,0,0,0,0,0,0,0,0,0,0,0
02/13/2023,9,0,9,2,1,0,1,0,0,0,0,0,0,0,0,0,0.1111111111,0,0.1111111111
02/14/2023,65,0,65,19,5,0,5,5,0,5,0,0,0,2,0,2,0.1846153846,0,0.1846153846
02/15/2023,39,0,39,20,2,0,2,2,0,2,0,0,0,0,0,0,0.1025641026,0,0.1025641026
02/16/2023,48,0,48,16,1,0,1,1,0,1,0,0,0,1,0,1,0.0625,0,0.0625
02/17/2023,35,0,35,16,2,0,2,1,0,1,0,0,0,0,0,0,0.08571428571,0,0.08571428571
02/18/2023,6,0,6,4,0,0,0,1,0,1,0,0,0,0,0,0,0.1666666667,0,0.1666666667
02/19/2023,39,0,39,15,4,0,4,2,0,2,0,0,0,2,0,2,0.2051282051,0,0.2051282051
02/20/2023,44,0,44,15,1,0,1,4,0,4,0,0,0,1,0,1,0.1363636364,0,0.1363636364
02/21/2023,46,0,46,18,4,0,4,2,0,2,0,0,0,1,0,1,0.152173913,0,0.152173913
02/22/2023,9,0,9,7,0,0,0,0,0,0,0,0,0,0,0,0,0,0,0
02/23/2023,11,0,11,6,0,0,0,0,0,0,0,0,0,0,0,0,0,0,0
02/24/2023,16,0,16,6,1,0,1,1,0,1,0,0,0,1,0,1,0.1875,0,0.1875
02/25/2023,14,0,14,9,0,0,0,0,0,0,0,0,0,0,0,0,0,0,0
02/26/2023,16,0,16,8,0,0,0,0,0,0,0,0,0,0,0,0,0,0,0
02/27/2023,19,0,19,8,1,0,1,2,0,2,0,0,0,1,0,1,0.2105263158,0,0.2105263158
02/28/2023,49,0,49,15,7,0,7,3,0,3,0,0,0,1,0,1,0.2244897959,0,0.2244897959
03/01/2023,51,0,51,22,3,0,3,3,0,3,0,0,0,2,0,2,0.1568627451,0,0.1568627451
03/02/2023,26,0,26,14,1,0,1,1,0,1,0,0,0,0,0,0,0.07692307692,0,0.07692307692
03/03/2023,11,0,11,5,0,0,0,0,0,0,0,0,0,0,0,0,0,0,0
03/04/2023,4,0,4,4,0,0,0,0,0,0,0,0,0,0,0,0,0,0,0
03/05/2023,22,0,22,11,3,0,3,2,0,2,0,0,0,2,0,2,0.3181818182,0,0.3181818182
03/06/2023,58,0,58,21,1,0,1,3,0,3,0,0,0,1,0,1,0.08620689655,0,0.08620689655
03/07/2023,15,0,15,12,1,0,1,2,0,2,0,0,0,0,0,0,0.2,0,0.2
03/08/2023,14,0,14,7,1,0,1,3,0,3,0,0,0,1,0,1,0.3571428571,0,0.3571428571
03/09/2023,15,0,15,9,0,0,0,3,0,3,0,0,0,0,0,0,0.2,0,0.2
03/10/2023,10,0,10,6,0,0,0,1,0,1,0,0,0,0,0,0,0.1,0,0.1
03/11/2023,7,0,7,3,0,0,0,0,0,0,0,0,0,0,0,0,0,0,0
03/12/2023,17,0,17,8,1,0,1,2,0,2,0,0,0,2,0,2,0.2941176471,0,0.2941176471
03/13/2023,17,0,17,10,1,0,1,0,0,0,0,0,0,0,0,0,0.05882352941,0,0.05882352941
03/14/2023,70,0,70,22,4,0,4,5,0,5,0,0,0,0,0,0,0.1285714286,0,0.1285714286
03/15/2023,19,0,19,8,0,0,0,0,0,0,0,0,0,0,0,0,0,0,0
03/16/2023,30,0,30,17,1,0,1,2,0,2,0,0,0,1,0,1,0.1333333333,0,0.1333333333
03/17/2023,16,0,16,9,0,0,0,0,0,0,0,0,0,0,0,0,0,0,0
03/18/2023,10,0,10,4,0,0,0,0,0,0,0,0,0,0,0,0,0,0,0
03/19/2023,11,0,11,4,0,0,0,0,0,0,0,0,0,0,0,0,0,0,0
03/20/2023,31,0,31,14,2,0,2,2,0,2,0,0,0,1,0,1,0.1612903226,0,0.1612903226
03/21/2023,14,0,14,9,1,0,1,2,0,2,0,0,0,0,0,0,0.2142857143,0,0.2142857143
03/22/2023,35,0,35,11,2,0,2,0,0,0,0,0,0,0,0,0,0.05714285714,0,0.05714285714
03/23/2023,20,0,20,7,2,0,2,4,0,4,0,0,0,0,0,0,0.3,0,0.3
03/24/2023,18,0,18,11,0,0,0,0,0,0,0,0,0,0,0,0,0,0,0
03/25/2023,10,0,10,4,0,0,0,0,0,0,0,0,0,0,0,0,0,0,0
03/26/2023,6,0,6,5,0,0,0,0,0,0,0,0,0,0,0,0,0,0,0
03/27/2023,24,0,24,7,1,0,1,0,0,0,0,0,0,0,0,0,0.04166666667,0,0.04166666667
03/28/2023,43,0,43,10,0,0,0,2,0,2,0,0,0,0,0,0,0.04651162791,0,0.04651162791
03/29/2023,25,0,25,8,0,0,0,0,0,0,0,0,0,0,0,0,0,0,0
03/30/2023,4,0,4,2,0,0,0,0,0,0,0,0,0,0,0,0,0,0,0
03/31/2023,17,0,17,2,1,0,1,0,0,0,0,0,0,0,0,0,0.05882352941,0,0.05882352941
04/01/2023,4,0,4,2,0,0,0,0,0,0,0,0,0,0,0,0,0,0,0
04/02/2023,4,0,4,3,1,0,1,0,0,0,0,0,0,0,0,0,0.25,0,0.25
04/03/2023,11,0,11,6,0,0,0,0,0,0,0,0,0,0,0,0,0,0,0
04/04/2023,34,0,34,10,3,0,3,1,0,1,0,0,0,0,0,0,0.1176470588,0,0.1176470588